Date,MSFT,AAPL,SONY
2011-12-05,0.011869621183129321,0.018209006610297927,0.010640050366455269
2011-12-06,1.969090307363903e-06,-0.00024104651029952288,8.913536748256489e-05
2011-12-07,-0.0017121827477857372,-0.0035858824177143894,0.00046485187739191564
2011-12-08,-0.018232482785293585,-0.02082952521072305,-0.021992393942658273
2011-12-09,0.016082761513340094,0.02318422728271211,0.016928080938903984
2011-12-12,-0.014963478067304328,-0.01623212254933405,-0.01523717747081333
2011-12-13,-0.009099878435558399,-0.011636424949727013,-0.010584510300883214
2011-12-14,-0.016862196782646822,-0.020522214430326147,-0.012797257454168261
2011-12-15,6.314670625339701e-05,-0.0008254057905359494,0.002805503098011345
2011-12-16,0.004526109138423166,0.007333619873936142,0.003733408435274977
2011-12-19,-0.01011776096136182,-0.010924057562962396,-0.013198969323775058
2011-12-20,0.030224984534297766,0.036295339698777775,0.030274609566487833
2011-12-21,-0.004976376339476036,-0.008895087973440317,0.0007008632694028827
2011-12-22,0.008046165758811386,0.010859330281988782,0.00825759762615462
2011-12-23,0.010297367804284816,0.009638446896634885,0.007904265860505756
2011-12-27,0.0014788499083192715,0.004877872986046763,-0.0003927664941512562
2011-12-28,-0.012534723109099003,-0.015045982506394369,-0.013255477309825722
2011-12-29,0.00978623373981407,0.01170834273152941,0.010218343621037193
2011-12-30,-0.0030716376181613124,-0.001921691197815667,-0.004055236298963953
2012-01-03,0.01400399843022377,0.017798147540711788,0.014212523885042834
2012-01-04,0.0012982635537407553,0.0006467788950225639,-0.0005943956572038385
2012-01-05,0.0035103218066061745,0.006076235269474515,0.0037122663327273262
2012-01-06,-0.000336545428178776,0.0015083268549795524,-0.0018961783536117752
2012-01-09,0.0024113735078565447,0.003580526919780521,0.0028059716139513463
2012-01-10,0.00899615021373895,0.013196900263742348,0.009656517114543392
2012-01-11,0.0005703619175290236,0.0027351887827663426,0.001775640687407357
2012-01-12,0.002737363607483628,0.004939327675951848,0.0028240606570624814
2012-01-13,-0.004077583414723826,-0.005026768747249317,-0.005737348520978776
2012-01-17,0.007028385255765213,0.008964774924234467,0.003061188285297149
2012-01-18,0.011775261926218285,0.017076647399367893,0.011830613496549054
2012-01-19,0.007494035700891658,0.010344095395729934,0.005103636949603271
2012-01-20,-0.0030187176996579242,-0.0012780911879650902,-0.0011668051242314048
2012-01-23,0.0008433905454304198,0.003515137234133492,-0.0010378771102103246
2012-01-24,0.0006742041010283049,0.006297193985899159,7.710235987008638e-05
2012-01-25,0.012442094237515428,0.01470628233285524,0.009012803151916767
2012-01-26,-0.005110710221423357,-0.003333873725536996,-0.006258602484684154
2012-01-27,-0.000381362417553348,0.00505577002119101,-0.0002713805964867085
2012-01-30,-0.0014495203108968056,-0.0024023497629997023,-0.003473272085779196
2012-01-31,0.00016782287299790683,0.002805040868383322,-0.0009665749161785104
2012-02-01,0.0073309557033366555,0.011028121606358219,0.010202121226319194
2012-02-02,0.001601785972125566,0.005094095237325304,0.001740370655873518
2012-02-03,0.015024831728679945,0.02101221551258266,0.015171975019797116
2012-02-06,0.0018212415853065846,0.003981775808561874,-0.0005556256608266114
2012-02-07,0.00257518835372224,0.002924777398128485,0.0012122815910571869
2012-02-08,0.0014055085505694036,0.002786233556942441,0.001780189423315363
2012-02-09,0.0034948030598975317,0.0031698135212460885,0.0014115256848474815
2012-02-10,-0.006583531821427996,-0.00819023669867661,-0.007707920119910652
2012-02-13,0.006985991240425653,0.010390478716608623,0.007033491057505707
2012-02-14,0.001287735844644136,0.0018639093921755782,-0.0015525317327855124
2012-02-15,-0.004615965914170291,-0.003955361866814307,-0.005102307091896596
2012-02-16,0.010997209764060725,0.015910813795798295,0.011536581553531607
2012-02-17,-0.0003755537061322031,-0.0016843903390432984,0.0006976726633707798
2012-02-21,0.0006598458954907077,0.002058254417436426,-0.0014270051397349663
2012-02-22,-0.0006767628395288194,-0.00018026298602460663,-0.003970646352338864
2012-02-23,0.003782840349034285,0.0073844516151261134,0.005379694499639074
2012-02-24,0.005646069110971955,0.006673818986293668,0.0017568316348570718
2012-02-27,0.0002668429989315884,0.0006391486243333112,0.0005283978943131326
2012-02-28,0.004962677185421238,0.004762549580844324,0.0026000056642144736
2012-02-29,-0.0044561323779571645,-0.008254781077884823,-0.005449152906601445
2012-03-01,0.007225773385930978,0.008706383643681712,0.00592466331390085
2012-03-02,-0.0021533467365759925,-0.0064047248242379,-0.0040921149396934715
2012-03-05,-0.007502089975796858,-0.0073394764212584675,-0.0050997512542192616
2012-03-06,-0.014643440849389911,-0.01395672440193161,-0.01663817958645782
2012-03-07,0.006922233521998458,0.009605768058094967,0.007506490388785521
2012-03-08,0.011405150631419466,0.013945110073030459,0.010552911702491018
2012-03-09,0.0025597694338770627,0.006959789812538082,0.003957240320539683
2012-03-12,-0.00044932230310645047,-0.0005555954671711066,-0.001300215582293911
2012-03-13,0.016387634999254077,0.020126535617386882,0.01752859238595445
2012-03-14,-0.0007795872133691471,-0.002697354698770425,-0.0025724298062327435
2012-03-15,0.00476566275266944,0.007364583757594116,0.0062203319943106745
2012-03-16,0.0011794746269231599,0.003944051078480172,0.00037722680275712757
2012-03-19,0.00430215379504863,0.009577975813228138,0.003329835771652639
2012-03-20,-0.0038396438542999496,-0.004920461295908621,-0.004304347161507345
2012-03-21,-0.00039460749228223293,0.0010341346009604799,-0.0011508747085079481
2012-03-22,-0.006124475986138377,-0.005999595536229175,-0.007924886169205406
2012-03-23,0.00231737418122553,0.007462028261402833,0.0029255326730474865
2012-03-26,0.014965290385203653,0.018547864038475546,0.013572050864870351
2012-03-27,-0.0004907135430794725,0.00035373219760899193,-0.0027967070914922017
2012-03-28,-0.007694585388983572,-0.008201286471093338,-0.005536514670772087
2012-03-29,-0.0009892272776247971,-0.0007435266359901908,-0.0018818704380974395
2012-03-30,0.004677270386383812,0.00355237860686398,0.0029712336350639136
2012-04-02,0.007574039422462678,0.011665016432169707,0.006464695344585212
2012-04-03,-0.0021317552959182005,-0.0030583078673080844,-0.003303613797936075
2012-04-04,-0.010887795068360998,-0.013840964321997017,-0.011145760790220758
2012-04-05,0.0018903121654744912,0.0036958323684513177,-0.0005588642965315471
2012-04-09,-0.012021064799863914,-0.013828908441558993,-0.012666427753289779
2012-04-10,-0.01861602534747594,-0.019212336517178963,-0.018819492526779655
2012-04-11,0.005891736171618718,0.009165612415642519,0.007690902569269894
2012-04-12,0.014836872991525583,0.018561189066073465,0.013941950455053054
2012-04-13,-0.010656929308678767,-0.011855647744505225,-0.012641391498690346
2012-04-16,-0.005211294212198814,-0.005440291938621644,-0.0019746168117103636
2012-04-17,0.01797960169221505,0.02197582977172445,0.015102199514088201
2012-04-18,-0.0014634467807450211,-0.0014545858660300413,-0.004286503102289562
2012-04-19,-0.006844802858274707,-0.006624812635362637,-0.005729287428354285
2012-04-20,-0.0018787455531562253,-0.0037710798666965887,0.0003158018456662917
2012-04-23,-0.008928459635289467,-0.008768403079705828,-0.009802538483546083
2012-04-24,-0.0019966521346136005,-0.002835155669018357,0.002440871690146256
2012-04-25,0.01935364386640521,0.025883475880957407,0.013968026734749518
2012-04-26,0.008998882613432735,0.012178872781025217,0.007269286120230552
2012-04-27,0.0032511607607256148,0.007475431716442584,0.0026052786006170205
2012-04-30,-0.002831179992973727,-0.002100613439532493,-0.004841979441013235
2012-05-01,0.005497752348019137,0.004550363090524439,0.0043791296178692166
2012-05-02,-0.0019195684026210556,-0.0011035793455996727,-0.0019097624866825057
2012-05-03,-0.009103717754044185,-0.012150578176373635,-0.00953120887172847
2012-05-04,-0.01722665782308833,-0.017683831269186996,-0.01661141653845116
2012-05-07,-0.0015957318046052463,-0.0007615828961347177,0.0001461192820502427
2012-05-08,-0.00695961017035059,-0.00630895181344565,-0.005137878676858753
2012-05-09,-0.005515415467702918,-0.003053346711124329,-0.00643180780435746
2012-05-10,-0.0003242469207876638,-0.0016278713529889312,0.0022391337252948874
2012-05-11,0.001112796135915067,0.0031781218526720223,-0.001924706755739148
2012-05-14,-0.010826545738702302,-0.010369831912537146,-0.011425945760287182
2012-05-15,-0.006401672932521647,-0.00436418862613989,-0.00616788852217411
2012-05-16,-0.003969782637309574,-0.005982202499300803,-0.005011905106785928
2012-05-17,-0.01697676793748941,-0.016743880884445703,-0.017004915776401605
2012-05-18,-0.009011807167605853,-0.010412246037015668,-0.008261408058447241
2012-05-21,0.022755929109050447,0.030242234174248917,0.017608045232138034
2012-05-22,0.001138878801699167,0.0004944891400463047,-9.937601670273569e-05
2012-05-23,0.002805627148203065,0.006382030610605097,0.002111656390203586
2012-05-24,-0.001035164732754265,-0.0037910298580852327,0.0006594193297047659
2012-05-25,-0.0020717349952649447,-0.0010561688674674199,-0.0020743837897569607
2012-05-29,0.012387763668437708,0.015421019669682649,0.011434255759457985
2012-05-30,-0.01369251067094347,-0.013991593846831607,-0.01516958038397671
2012-05-31,-0.005211760726260122,-0.00436603320673632,-0.003159328813009942
2012-06-01,-0.025733162526813704,-0.026480181488092537,-0.02602614897694504
2012-06-04,0.002255386623547943,0.006049850663477724,-0.0009450141636766001
2012-06-05,0.0068405263030037735,0.01057171124652031,0.006822543153445699
2012-06-06,0.023702164942024494,0.026994487503990184,0.022636023960557104
2012-06-07,-0.0011228792534873568,-0.0025866709578845903,-0.0012657173164471198
2012-06-08,0.008008390651940001,0.009649083916768423,0.007949084961853578
2012-06-11,-0.01338250165114819,-0.017161414416862752,-0.014159943348761375
2012-06-12,0.011796265835412684,0.014180053637711824,0.01126474025709116
2012-06-13,-0.008296618155548724,-0.009032863562515644,-0.008425344992576956
2012-06-14,0.008169026432248662,0.008018718149532469,0.009626770784351832
2012-06-15,0.012399230592136082,0.01731784417605264,0.0100457263286593
2012-06-18,0.00556904763552756,0.007930595198758687,0.002364273901473811
2012-06-19,0.009979035591598146,0.01624049988648931,0.009914475816423662
2012-06-20,-0.0016161504668973888,-0.00011887447416001045,-0.0020584753147728234
2012-06-21,-0.025229831975422567,-0.028818179167016976,-0.02263564163866518
2012-06-22,0.006639390484779261,0.010939260253894004,0.007081838359079691
2012-06-25,-0.01705639535818617,-0.017591627226766153,-0.016779306390750624
2012-06-26,0.005970965717139687,0.007446217114361554,0.005074894292499142
2012-06-27,0.007807183505919525,0.011562073714085122,0.008701678279601608
2012-06-28,-0.005680976404515344,-0.007161160479953813,-0.0033217605441504218
2012-06-29,0.03001403417048604,0.03648104290262714,0.02545001414830601
2012-07-02,0.0018071677191031591,0.004481108623902013,0.002924206167199024
2012-07-03,0.007198458080966029,0.01392762962897479,0.005817537496638709
2012-07-05,-0.0016096536948772655,0.0016036065599516348,-0.0041785080751539855
2012-07-06,-0.012502753377292815,-0.016296464142876364,-0.010262128093226706
2012-07-09,-0.0010133917363384967,-0.0005369950016618781,-0.0026090442729969398
2012-07-10,-0.009538809638827184,-0.010769991370950402,-0.00881550867686948
2012-07-11,-0.0030922631368573445,-0.0025786190188243456,-0.001983967354298416
2012-07-12,-0.0026113474783350157,-0.0008424087544408609,-0.004166472800350731
2012-07-13,0.01562850696777151,0.016555177032586774,0.015201042630299063
2012-07-16,-0.0011502041406913353,-0.0006421865354549084,-0.002977321083828623
2012-07-17,0.00714614731014057,0.006271324677860096,0.006445523805131989
2012-07-18,0.011410823370537568,0.0170224524473051,0.006493265747305487
2012-07-19,0.009385826365596067,0.013791750233096556,0.0027575293185342358
2012-07-20,-0.010759398582336167,-0.012231928173881308,-0.010389715039577741
2012-07-23,-0.01028943082819589,-0.013110284970501524,-0.01007489902325699
2012-07-24,-0.009293529310060951,-0.008940315555908136,-0.009739231913721818
2012-07-25,7.926408784040469e-05,0.002916580500456822,0.00012073120455574415
2012-07-26,0.016017333443238174,0.013470615458902406,0.014846614084999502
2012-07-27,0.01992914586906664,0.025698053335844344,0.01848226573781085
2012-07-30,-0.0020509578269895757,-0.004149303335309707,-0.0017744592002456973
2012-07-31,-0.0062478449019467116,-0.005947057485270948,-0.0061499971036535605
2012-08-01,-0.002952755648486711,-0.006825135120220187,-0.00495481431227327
2012-08-02,-0.005997128204549385,-0.004004821575545573,-0.006712993543650753
2012-08-03,0.017910953225058382,0.022586771147461535,0.01837028479080299
2012-08-06,0.003131533416357625,0.007954961276850782,0.002985932569805854
2012-08-07,0.006724197687803223,0.012524704493599352,0.005074939484197691
2012-08-08,-0.002299370805031271,-0.004371107675402165,-0.0003208932221533514
2012-08-09,0.0016052806097769001,0.006766115905730151,0.00047448937969328807
2012-08-10,0.0026737173763573645,0.0024423694064342485,0.0014010216536809285
2012-08-13,-0.0007327065721624946,0.00027227115769260283,-0.0014605832054651142
2012-08-14,0.00012798834654067985,-0.0015896188662371657,-0.000738036026646001
2012-08-15,0.0017130899626943007,0.005950775557235499,0.00196947372765187
2012-08-16,0.007742575015515497,0.011834067897099058,0.006726441770001246
2012-08-17,0.001324189167695719,0.0053949439485166135,0.0016362518980732074
2012-08-20,-0.0015882365617543915,-0.001843457861607145,-0.0011339382843274445
2012-08-21,-0.005035158077669428,-0.0027244439576306345,-0.004206455279683523
2012-08-22,0.004049701459367377,0.006702935322678496,0.0005800746764940824
2012-08-23,-0.0062650564799541075,-0.005203618587218521,-0.007229408817282717
2012-08-24,0.006988361850333326,0.006815518232909076,0.006089264021145936
2012-08-27,7.666956036867157e-05,0.0029022988209984673,-0.001085094106555906
2012-08-28,-0.000579043017862503,0.0026672776226318463,-0.00045010349168665264
2012-08-29,0.0007496238198709473,0.002711670021281945,0.0011819437664119861
2012-08-30,-0.0074729502877217005,-0.008715396779474327,-0.00786050203712435
2012-08-31,0.006736186089728015,0.009851966286806674,0.004799772592681883
2012-09-04,-0.0004993260342483919,0.0036387396363212468,0.00045104230977343376
2012-09-05,-0.001614559324302427,-0.0005342227005107468,-0.0011517740746988035
2012-09-06,0.020274426095167393,0.0211298546200631,0.019865242714358113
2012-09-07,0.0015426201535301651,0.002744494758417189,0.0030371995741051666
2012-09-10,-0.00741205221788316,-0.00755766671637897,-0.006211884839563904
2012-09-11,0.0004111202028994093,0.0009437500856335587,0.0018069609194420844
2012-09-12,0.002158309333640779,0.004898473481695448,0.0024402540902550398
2012-09-13,0.015420014835367164,0.01652774690953349,0.014911054329657324
2012-09-14,0.0036183043283738855,0.009101648825254875,0.003819495622774477
2012-09-17,-0.0003550396279633726,0.0012320362624166346,-0.003790581104541392
2012-09-18,-0.0005591456004386693,0.0004153147645760717,-0.0015255263871349375
2012-09-19,0.0018456801754096548,0.0014612626936875792,0.001812847570703859
2012-09-20,-0.00016398555718801102,-0.001114796637584338,-0.0013308875843062494
2012-09-21,-0.0006650671154281027,0.0015013040001586437,0.00011289093140524274
2012-09-24,-0.004487092186707733,-0.0057463366802882835,-0.002977048489333029
2012-09-25,-0.009822394584885869,-0.011416523021635068,-0.010489750090653885
2012-09-26,-0.006199774513441712,-0.005932805773403792,-0.0062052540064424355
2012-09-27,0.01139765980027377,0.015709822749277298,0.009396675565689898
2012-09-28,-0.0030039808975355197,-0.0024306121907743446,-0.00449296327059479
2012-10-01,0.001149603778897638,0.0019280454779764206,0.0016770341667979405
2012-10-02,0.0008232446048284918,0.0019149544493683164,0.0006434151969651122
2012-10-03,0.005522283670245859,0.0036784388117874134,0.004535357798543186
2012-10-04,0.005132294084750371,0.005321666521859627,0.006544837114693703
2012-10-05,-0.0020372049311520512,-0.004771133724650133,-0.00029854593754676754
2012-10-08,-0.004153465215359138,-0.0038889198121565723,-0.00416127060285749
2012-10-09,-0.011761474314884952,-0.0118147995630285,-0.011289478575628238
2012-10-10,-0.008035044405107312,-0.006298706578403268,-0.005977596188500669
2012-10-11,-0.002029184642186178,1.891841471708005e-05,-3.3999318613775335e-05
2012-10-12,0.0008992371253083335,0.0016825199298370224,-0.0032824846787636703
2012-10-15,0.007872727467138954,0.007445677718382771,0.0078044501104398345
2012-10-16,0.013136942741831291,0.01699541171666841,0.009202769320135666
2012-10-17,0.00035635177443709787,0.001215161274480995,0.003963443192755334
2012-10-18,-0.003568510171234195,-0.005864881668630207,-0.0029699777078284802
2012-10-19,-0.018930858661998312,-0.02085669687511457,-0.016883361378497892
2012-10-22,-0.00011018547836807671,0.0018291867072203426,-0.0009383603811543696
2012-10-23,-0.013405879481463576,-0.009111599227949846,-0.013010020443838186
2012-10-24,-0.0037556360129589557,-0.00309589518446682,-0.00284428226241727
2012-10-25,0.002382174920851808,0.005008206360731965,0.0019215209000931627
2012-10-26,0.001771652452284695,0.0033096438933397365,-0.0009780247779933619
2012-10-31,-0.0018366949140171441,0.00017583336759199463,-5.253344289899765e-05
2012-11-01,0.010842136715404583,0.01220308831662726,0.010616069001828893
2012-11-02,-0.011941732983192326,-0.015466003812600179,-0.01081691602473944
2012-11-05,0.0037313012220700015,0.007845426428011254,0.0025030811174368566
2012-11-06,0.0052915108583460714,0.0050441341620043306,0.006431862249268304
2012-11-07,-0.01811889685351027,-0.017615126134993473,-0.021447396683045013
2012-11-08,-0.01424193408922086,-0.015264602984217753,-0.012354801701369248
2012-11-09,0.002250665331250701,0.004136221467065431,0.001079372545409873
2012-11-12,0.0004059908231581615,0.0012477159057956034,-0.0004747337283234726
2012-11-13,-0.0027465793258785315,-0.0033293010640710052,-0.003537836974236205
2012-11-14,-0.012043334117300955,-0.010085142156987942,-0.014085391921100521
2012-11-15,-0.002634199328482744,-0.0026161667927951425,-0.0030793629895655102
2012-11-16,0.005865616686111078,0.007000720761147671,0.005823859056051751
2012-11-19,0.019908617202455337,0.022085020747998632,0.018201307787864617
2012-11-20,0.0009605774664449514,0.0019963420078170533,0.0011894473752349147
2012-11-21,0.0029722817017213054,0.0050445626440465885,0.0027552356298952982
2012-11-23,0.01323095927907946,0.014123854573361032,0.011947776077379867
2012-11-26,-0.000756070507053158,0.004372657535885909,-0.0017620179987295197
2012-11-27,-0.004551690415316278,-0.0020820655446595632,-0.004620039236833561
2012-11-28,0.009791975062138532,0.011692069228113765,0.007594355229449312
2012-11-29,0.004606705600808493,0.009478806967750043,0.004600923343118871
2012-11-30,-0.0008041005541885684,-0.0013872197622031787,-2.0255372559828584e-05
2012-12-03,-0.006444998359968537,-0.00452537619536698,-0.005439215914494686
2012-12-04,-0.0024682705018293505,-0.00037504849321164037,-0.002201929504588769
2012-12-05,-0.0008304525104178622,-0.003989655524213442,0.0016461836703160915
2012-12-06,0.004551258829220303,0.0062953484211124774,0.0025840413235227286
2012-12-07,0.00182920838499375,-1.6034544595111902e-05,0.0025026974452470835
2012-12-10,0.0005435297688157556,0.0033783010534993944,0.0005661063617649943
2012-12-11,0.007551438241031449,0.012315251200870025,0.006495470710371881
2012-12-12,-0.0003666537988145153,-0.0011675530447317732,-0.0003180629450988455
2012-12-13,-0.006866608591391939,-0.006354960408789798,-0.00629598213284974
2012-12-14,-0.005773457351885588,-0.005315146697353086,-0.0038416490324627343
2012-12-17,0.010283391672451613,0.012456733880993907,0.010863261567119264
2012-12-18,0.012717941235804112,0.018679060713338583,0.01055629174647828
2012-12-19,-0.007909917347353043,-0.0031118615139082723,-0.007252004042553131
2012-12-20,0.0033128903450696003,0.00400177467308731,0.0047083812499423205
2012-12-21,-0.008956362158552854,-0.0057284150694557915,-0.009467811442909025
2012-12-24,-0.0018281538854584866,-0.0016484134269728649,-0.0022853122319802153
2012-12-26,-0.006675808915396707,-0.006532765729880634,-0.005832084946645012
2012-12-27,-0.0005352212293968053,0.0007547001452985696,-0.0016007562343249868
2012-12-28,-0.011540618398792134,-0.009130680225432048,-0.010385022271639883
2012-12-31,0.017734781356541027,0.021493632711355914,0.016015793406381432
2013-01-02,0.026369971895320737,0.029486666600487463,0.02583037533699725
2013-01-03,-0.002687149993857293,-0.002787257134852379,-0.0020477064208987957
2013-01-04,0.0038322167631414765,0.005053972494636108,0.005095373947668076
2013-01-07,-0.0006060183787288236,0.0019367590020553766,-0.002764656458490097
2013-01-08,-0.002521555770097374,-0.0010727811218531156,-0.0027208309109452117
2013-01-09,0.005269653543134264,0.008634787843464501,0.0033940700887328513
2013-01-10,0.006585651758776479,0.006333297519075588,0.006080506027319453
2013-01-11,0.00202692292358515,0.004446006417473151,-0.0001899266504607144
2013-01-14,-0.0011077063637463568,-0.0014710661286006998,-0.0006697968252339236
2013-01-15,0.001136744958186592,0.003048279473712626,0.001318540315520942
2013-01-16,-0.0006635892613701404,0.0002783476273126907,-0.001171883758256888
2013-01-17,0.005606045848912846,0.007729020447160855,0.005210770426388624
2013-01-18,0.0024137246986445527,0.0020197451377752377,0.0023565301229525534
2013-01-22,0.002870180626072625,0.004576876541861302,0.0040385373762941105
2013-01-23,0.0029113141242902915,0.0043952593172539274,0.000991816605144249
2013-01-24,-0.001271871792051605,-0.0019105823038592185,0.0004872703130481911
2013-01-25,0.008431150465190017,0.010785786570026521,0.006046799479625372
2013-01-28,-0.0028271889944423015,-0.00025761598791707203,-0.00225934577550042
2013-01-29,0.0031846559125919037,0.0018034770333224175,0.0033619705979685724
2013-01-30,-0.001970352699509516,-0.0026481139482891283,-0.003671963423337105
2013-01-31,-0.0028007515940785335,0.0007210084940908082,-0.0014218038395587267
2013-02-01,0.009777470439896864,0.012368480773183673,0.009332474946710531
2013-02-04,-0.011141345962946159,-0.009878668067062692,-0.011879201533320026
2013-02-05,0.010948916520594158,0.012782439457503052,0.00991861242594957
2013-02-06,0.0005205473028590142,0.002941888097451944,0.0009573643183761358
2013-02-07,-0.0016816315565769974,-0.000756560687911827,-0.002266619857804997
2013-02-08,0.007687112625846369,0.01176841820617935,0.005039104852825528
2013-02-11,-0.0025797444477694024,-0.0026683455275313163,-0.0012364213666538355
2013-02-12,-0.0020909554950855544,-0.0017214943815954877,0.0011145737729282973
2013-02-13,0.0014248620498589911,0.0032918415930859412,0.0009209137640992556
2013-02-14,0.0010345311399222843,0.0050960624956823885,0.0006680692263000224
2013-02-15,-0.0011063570995795673,-0.0006178683479947805,-0.001260011154946923
2013-02-19,0.005680578386352785,0.005871173243421908,0.006803342484066219
2013-02-20,-0.010574532877680535,-0.011887592250717775,-0.01296557472206896
2013-02-21,-0.006537472319630887,-0.007670579335861281,-0.006615149657586131
2013-02-22,0.009935343637282159,0.012943295825808982,0.008942002236752266
2013-02-25,-0.015045041917840228,-0.013037710487246106,-0.01844503792169378
2013-02-26,0.005804247802857718,0.00541573451644185,0.005433974770845803
2013-02-27,0.013968866375953223,0.01489112470728481,0.01257497311536958
2013-02-28,-0.0001873501550712038,0.0016284392262103729,-0.0009542989411535033
2013-03-01,0.0034969445563088576,0.005667490381132139,0.002235156830985941
2013-03-04,0.005023534985738949,0.003702092859159489,0.005178314132638974
2013-03-05,0.010581679982099057,0.012341994748816231,0.009460476180072624
2013-03-06,-0.00041422650757900776,0.0006506090729956977,0.0009381152961337024
2013-03-07,0.0009970486496663528,0.0035076441504287943,0.0017833782531760439
2013-03-08,0.0051639716170855604,0.007588004633658812,0.004688630198707235
2013-03-11,0.0027558632871264293,0.003088919081783585,0.0023292190801191045
2013-03-12,-0.002044374686448586,-0.0014654444398125614,-0.0027113667182160997
2013-03-13,0.0003000744847866957,0.00044350911941493467,0.0012172441152123444
2013-03-14,0.003554293209897138,0.006173606443894727,0.004571038418284176
2013-03-15,-0.004157890937543415,-0.0030814006826533,-0.0033187893966890253
2013-03-18,-0.004609087270438418,-0.0033483262528396993,-0.005556575456764126
2013-03-19,-0.003244201166203022,-0.0044743031478489455,-0.002529293561427385
2013-03-20,0.00738209757641014,0.008576955626256676,0.007539789757211589
2013-03-21,-0.008011230406439546,-0.00650935931473503,-0.008422761483631509
2013-03-22,0.008843023197010486,0.009397093599469967,0.006016065942133241
2013-03-25,-0.0039022209051445223,-0.001699054154171391,-0.003784154003778797
2013-03-26,0.009965904526414163,0.010632167820794102,0.007441192003095895
2013-03-27,0.0009517190112602093,0.003207534374890162,-0.0005064182156767576
2013-03-28,0.00637428735955809,0.0071251821022483095,0.004463274733975792
2013-04-01,-0.00410438919632652,-0.006642761051805098,-0.00542244713695542
2013-04-02,0.007101452324733332,0.006233830153907384,0.003944019151300348
2013-04-03,-0.010815924625978978,-0.010721537116352117,-0.012399460357633228
2013-04-04,0.002202179621419457,0.0026972079636239828,0.003517935918917103
2013-04-05,-0.006047303130394733,-0.005746145421736471,-0.0046226279186528454
2013-04-08,0.006267146237844202,0.00791242418261858,0.006672526205575863
2013-04-09,0.004749827260091716,0.007396557279230975,0.002438382031708617
2013-04-10,0.01240518857820198,0.016156778104390424,0.012042526746205926
2013-04-11,0.003648137126343678,0.00155077370226958,0.003500967360959127
2013-04-12,-0.0006838445705703454,0.0001204525077621811,-0.0024139846388093605
2013-04-15,-0.020442382203045947,-0.022674265973637545,-0.023711015310451857
2013-04-16,0.015281196425550396,0.018286711226824497,0.014351109941690433
2013-04-17,-0.012756646631463512,-0.013973822158960356,-0.01384728994443352
2013-04-18,-0.008757724172275544,-0.008695860502767161,-0.008303953040837106
2013-04-19,0.009544094750286041,0.010730268619204678,0.009552805746592685
2013-04-22,0.006042056009068208,0.008117385624966,0.003701667936050506
2013-04-23,0.007875046002002553,0.010138089843079604,0.01029014931631826
2013-04-24,-0.00448417790030525,-0.00045700205609964704,-0.001788154016078008
2013-04-25,0.005413579159105922,0.00799969747524213,0.0044093359949618
2013-04-26,-0.0004202238857147671,-0.0007828723417576363,-0.001913565747144023
2013-04-29,0.007747549231661918,0.010966852498002971,0.005677730374001246
2013-04-30,0.002731287082285174,0.006735930377736581,0.001655543923021596
2013-05-01,-0.006100628104520694,-0.007803728884896224,-0.009875910853089231
2013-05-02,0.010501178253651943,0.016099354256089146,0.009985155018837554
2013-05-03,0.010403210951305588,0.015555914246213382,0.010092657161689599
2013-05-06,-0.0007843073917345533,0.002036941885591926,0.0014368829616214186
2013-05-07,0.003672402002439219,0.0036141633493395574,0.004354308811095811
2013-05-08,0.005077323031739031,0.007038178010380636,0.003768096826511801
2013-05-09,-0.0015572866836833755,0.0015272229485064326,-0.003298180058138226
2013-05-10,0.00585570157391451,0.009131350193730957,0.005316380496823058
2013-05-13,0.001126645987445018,0.0022908438345926574,0.0003111914364293125
2013-05-14,0.01003792597673584,0.011659281889518001,0.010399945126298087
2013-05-15,0.003994926350067207,0.0031925827340050137,0.004639364678385529
2013-05-16,-0.0038608034015075766,-1.4730500158134218e-05,-0.005663510380309083
2013-05-17,0.009747788205635769,0.012400160804419715,0.009067587773001914
2013-05-20,-0.00323788152465702,0.00016548299421550463,-0.0025177532243393125
2013-05-21,0.001457701680185981,0.000949466338942971,0.0010861132470175755
2013-05-22,-0.00821823069100276,-0.011343559569176707,-0.00904126845568181
2013-05-23,-0.0027813587372554306,-0.0002905425563962821,-0.0023872757591089835
2013-05-24,-0.00118503446580615,0.0007745172734467217,-0.0011240803677082857
2013-05-28,0.006148626812134046,0.010782610626573343,0.006578226069133836
2013-05-29,-0.007436857971245751,-0.004190378855107145,-0.007735646994367207
2013-05-30,0.003230622864872688,0.006699768450797811,0.004399643840664203
2013-05-31,-0.013631640253994718,-0.010335095986680278,-0.013804121703330063
2013-06-03,0.004146944708762153,0.0057265315776479095,0.003706877970248136
2013-06-04,-0.004531621743371287,-0.004154032128136076,-0.006050275614538013
2013-06-05,-0.012901381396889025,-0.010465089293558771,-0.014075249480325876
2013-06-06,0.007980654553655698,0.008940247773509468,0.009007430788955518
2013-06-07,0.014971932255207866,0.01596416330533533,0.012922719337744045
2013-06-10,-0.0007890900741841086,0.004072656161290014,-6.746861420262561e-05
2013-06-11,-0.008941405969056985,-0.008447174829138385,-0.010552311285725873
2013-06-12,-0.00897349350869443,-0.008728326838912313,-0.008828062737916734
2013-06-13,0.013230502990309968,0.01361123310064817,0.014035678313284566
2013-06-14,-0.0031817528363622923,-0.0026003148299741157,-0.005572466153523625
2013-06-17,0.008662146548059451,0.012668004149613483,0.006812332778246584
2013-06-18,0.007607379566919895,0.009949067141149067,0.007361938650923649
2013-06-19,-0.013168538971579572,-0.009060345937785536,-0.013420986202678878
2013-06-20,-0.026564684721595407,-0.024259339331012403,-0.025319923245983318
2013-06-21,0.0011845660766198164,0.0027523904557442986,0.0011524831412451665
2013-06-24,-0.009530893821809423,-0.0075690862366630555,-0.011705117250356193
2013-06-25,0.006503994165077688,0.007078672810115063,0.008617296713319475
2013-06-26,0.011579043018950214,0.009876209791711336,0.009333847112199773
2013-06-27,0.004484577317815124,0.007420282143868801,0.007034802920481445
2013-06-28,-0.003136310475487583,0.0005780679644590348,-0.0042263565168237024
2013-07-01,0.006667979591625356,0.010589753914403678,0.006854096571448066
2013-07-02,-0.001153198987812452,0.0006201741400599125,-0.0017117885787738417
2013-07-03,0.0017514122973868202,0.0037477617316451772,0.0006896105958123957
2013-07-05,0.008849581995133441,0.01104188027354769,0.010283784328671445
2013-07-08,0.005326876451491342,0.005579164205441171,0.004582979838153324
2013-07-09,0.006387530207417021,0.007772320334840433,0.0064337756798864285
2013-07-10,0.001932734987909445,0.005132572573825617,0.0005514512053762337
2013-07-11,0.017555474708989344,0.019947919824578757,0.013752199152947448
2013-07-12,0.0038723315756831536,0.006270716505261053,0.0037895356798827587
2013-07-15,-0.0007975222172830594,0.0014929252236958314,0.0007697980742629002
2013-07-16,-0.005362696512720728,-0.005714343607562446,-0.004649755262821312
2013-07-17,0.0032075444493351885,0.005317458097195781,0.00301156138681077
2013-07-18,0.001542771053650799,0.002437373395468161,0.0040163895590715
2013-07-19,-0.00035927287170886123,-0.0015705705770093106,0.0010500792865578948
2013-07-22,0.0008720587908714255,0.0023632453971252428,0.0015154079210245724
2013-07-23,-0.003579151274073299,-0.0034401258519265515,-0.0021237897219817292
2013-07-24,-0.002787338209998519,-0.0028749851287330685,-0.004820921990673601
2013-07-25,0.0061929769853649,0.011694479102798435,0.004508379474418735
2013-07-26,0.0034244497671135814,0.004168554790931348,0.00019676718737001705
2013-07-29,-0.0017411293906341016,-0.0009457517482156961,-0.004044878004045053
2013-07-30,0.002790307266227944,0.004758786012362261,0.0010261325306461565
2013-07-31,0.0002681243654155097,0.002605791909010984,0.00022498223255722557
2013-08-01,0.014672042353822667,0.017724770674110688,0.013356392097000618
2013-08-02,0.004348929131314581,0.005584967044127666,0.002165359297006194
2013-08-05,-0.0008430942999773732,0.0025619544836435436,-0.001157438500876865
2013-08-06,-0.0059387180670200735,-0.0058484782008830435,-0.007308182864160056
2013-08-07,-0.0037664883523539777,-0.004345289628859521,-0.004760489296726961
2013-08-08,0.004443320473986634,0.004900945601280658,0.004266474035912756
2013-08-09,-0.002153810762907174,0.00047153316209192376,-0.0034532318883644195
2013-08-12,-0.0006996573884253512,0.002511555226449346,-0.0009888761098285708
2013-08-13,0.0034212971198347257,0.00469334154052743,0.0017239391659989393
2013-08-14,-0.0063948858539150865,-0.004664756616002277,-0.005730581838238683
2013-08-15,-0.015109596873535509,-0.01472361698047204,-0.014977543962529496
2013-08-16,-0.0025906187216793103,0.00010538746844370827,-0.003027675273039488
2013-08-19,-0.0026961710736064627,-0.0010716236458467117,-0.006486723738564446
2013-08-20,0.0032020734372142047,0.007309862109091312,0.004564629950197466
2013-08-21,-0.0030963271701791775,0.00032115407240040786,-0.005667437688520814
2013-08-22,0.00906426878101741,0.013817908518168552,0.008553374963048399
2013-08-23,0.005732898629587084,0.007790133804342744,0.0032541890046499586
2013-08-26,-0.0011993697984211348,0.0035450951562247656,-0.0028611160439040604
2013-08-27,-0.015679818827726868,-0.017747476466099588,-0.017736707575154536
2013-08-28,0.0028164924922013373,0.005075314163976683,0.002280002702711944
2013-08-29,0.0046928499972896335,0.010523571676875478,0.0034743630204182216
2013-08-30,-0.0006635007038705696,-0.0016871046637012292,-0.004142297882085616
2013-09-03,0.005541419978656251,0.009593352904039891,0.004490402125256854
2013-09-04,0.009464480166924558,0.010796144442210083,0.008248545074081614
2013-09-05,0.0004660278994514702,0.0031675303892791033,0.0009900366573991572
2013-09-06,0.000577588659138291,0.002938875730979605,-0.0002473779533562363
2013-09-09,0.011790128495590921,0.015704528113058412,0.010528296989235957
2013-09-10,0.007516294561251884,0.009059084300609263,0.0073669466712937
2013-09-11,0.002886120181692137,0.0023940832009948093,0.0022301431480073134
2013-09-12,-0.0008861802893281566,0.00022548600806292078,-0.0032141760365982782
2013-09-13,0.001738123264243326,0.0020710522361948674,0.0022533911062056562
2013-09-16,0.0036955318197581886,0.0018038565679123154,0.0043631431419317275
2013-09-17,0.006165625162598866,0.01078319735927966,0.005178968324692708
2013-09-18,0.014329545627737894,0.01617092828725673,0.011029872830066872
2013-09-19,0.0015941453794961593,0.004858564687140203,-0.001252286798458645
2013-09-20,-0.007855307743157906,-0.0037347805017175165,-0.00718927143503288
2013-09-23,-0.004394457786160174,-0.0017807136615152245,-0.0057516477628810755
2013-09-24,-0.002382913324056904,0.0006569880573038677,-0.001856227669007079
2013-09-25,-0.00420589008518121,-0.0017747162561872053,-0.002904410770894183
2013-09-26,0.007445358565160554,0.010936813319407648,0.004052310439948842
2013-09-27,-0.0035656805682393765,-0.0015769833834634696,-0.004409766430715713
2013-09-30,-0.006456892716994644,-0.0037029548130410248,-0.0058076953828967385
2013-10-01,0.00959406203945562,0.013750804308135125,0.008357415404645227
2013-10-02,0.0006788766409214461,0.001972116024127761,-0.0010039959421608402
2013-10-03,-0.00991124491381155,-0.010355535062207382,-0.009228588462867717
2013-10-04,0.008316518356558597,0.011283439904473952,0.007171312484618505
2013-10-07,-0.009409379621221523,-0.009912213733689305,-0.009640796413948933
2013-10-08,-0.01825704708701971,-0.022733974532330413,-0.015137577740228555
2013-10-09,-0.00348446121297173,-0.006088425316998385,-0.002064452175319816
2013-10-10,0.023857593130580695,0.028096733217030722,0.02173472991546058
2013-10-11,0.005529798164067462,0.009466395314424876,0.0058117963882142725
2013-10-14,0.004672401146653867,0.0073262902409658905,0.003609006837099595
2013-10-15,-0.0069804909847328185,-0.005600740495296388,-0.008038850576393053
2013-10-16,0.015589856969525149,0.01785633036253086,0.013925616380924063
2013-10-17,0.007488399729725641,0.009281563272022,0.006765936139866042
2013-10-18,0.0076684310784384995,0.01279800590309465,0.006091542245954429
2013-10-21,-0.00028283055497791245,8.271772878910887e-05,-0.0009812949906812056
2013-10-22,0.0047057177325051346,0.0026820434211830653,0.004575812693901417
2013-10-23,-0.005742273925457925,-0.006323573222467799,-0.00595527052662992
2013-10-24,0.005215367809112518,0.008909337715492686,0.00378597984927495
2013-10-25,0.0037687455798954923,0.0038435478302139368,0.002706764003957895
2013-10-28,2.7188283977458232e-05,-0.0006404951458955875,-2.552176070247207e-06
2013-10-29,0.005488497553336268,0.0045777093391306135,0.005120059725950727
2013-10-30,-0.006964442072359335,-0.009131435930260534,-0.007272520606358294
2013-10-31,-0.0020742514349213464,-0.002586033433201764,-0.003338744080920924
2013-11-01,0.001949173214390244,-0.0004944590034841911,0.001469136424235843
2013-11-04,0.00330048297851911,0.00706787294061873,0.0035591520237531656
2013-11-05,-0.0013209205472072495,8.057275512508106e-05,-0.0027121415606342217
2013-11-06,0.0028248653227879277,0.00027235711674488,0.001983532907041815
2013-11-07,-0.015526204193654004,-0.01706567294409145,-0.01471891907539819
2013-11-08,0.012785941805290985,0.017032076233692336,0.013776330126371509
2013-11-11,0.0017650486805432426,0.003300813603755507,0.000826785569632535
2013-11-12,-0.0010298106348652547,-0.0004775714323447032,-0.0022082786447261814
2013-11-13,0.010713351120965588,0.014322519154731522,0.008995775684564434
2013-11-14,0.00498112660582937,0.004931243140410403,0.003882606808725664
2013-11-15,0.005754323456483782,0.007796795272619532,0.004161898074873932
2013-11-18,-0.007060313957978468,-0.009176725419200152,-0.0060898449620842374
2013-11-19,-0.0029360321318451,-0.002203062093665888,-0.0032829509926254573
2013-11-20,-0.004055150769315985,-0.001804818874054995,-0.003938198606933688
2013-11-21,0.00951595094878288,0.015890873666192913,0.009062391504028117
2013-11-22,0.005354819776363617,0.007163682956660294,0.004417636521307115
2013-11-25,-0.0025743639043304296,-0.0021963622672471345,-0.001679316809660564
2013-11-26,0.0030328613739131725,0.009856518720083954,0.0016096110992399
2013-11-27,0.0024867628803874366,0.0047041032349408474,0.0022879706028620275
